p,proj_class,raw_label,j5,b_p,abs_a_p,a_p_exact,Re_a_p,Im_a_p,chi_p_exact,Re_chi,Im_chi
2,3A,2,4,1,1,+zeta10^4,-0.8090169944,0.5877852523,zeta5^4,0.3090169944,-0.9510565163
3,5B/5A,4,1,-1,1/phi,-zeta10^1*1/phi,-0.5,-0.363271264,zeta5^1,0.3090169944,0.9510565163
5,2A,1,1,0,0,0,0,0,zeta5^1,0.3090169944,0.9510565163
7,2A,1,2,0,0,0,0,0,zeta5^2,-0.8090169944,0.5877852523
11,5B/5A,4,3,-1,1/phi,-zeta10^3*1/phi,0.1909830056,-0.5877852523,zeta5^3,-0.8090169944,-0.5877852523
13,3A,2,3,1,1,+zeta10^3,-0.3090169944,0.9510565163,zeta5^3,-0.8090169944,-0.5877852523
17,5B/5A,4,1,1,1/phi,+zeta10^1*1/phi,0.5,0.363271264,zeta5^1,0.3090169944,0.9510565163
19,5A/5B,3,2,1,phi,+zeta10^2*phi,0.5,1.538841769,zeta5^2,-0.8090169944,0.5877852523
23,2A,1,1,0,0,0,0,0,zeta5^1,0.3090169944,0.9510565163
29,2A,1,4,0,0,0,0,0,zeta5^4,0.3090169944,-0.9510565163
31,5A/5B,3,0,-1,phi,-zeta10^0*phi,-1.618033989,0,zeta5^0,1,0
37,5B/5A,4,2,1,1/phi,+zeta10^2*1/phi,0.1909830056,0.5877852523,zeta5^2,-0.8090169944,0.5877852523
41,5B/5A,4,4,1,1/phi,+zeta10^4*1/phi,-0.5,0.363271264,zeta5^4,0.3090169944,-0.9510565163
43,3A,2,3,-1,1,-zeta10^3,0.3090169944,-0.9510565163,zeta5^3,-0.8090169944,-0.5877852523
47,2A,1,4,0,0,0,0,0,zeta5^4,0.3090169944,-0.9510565163
53,5A/5B,3,3,-1,phi,-zeta10^3*phi,0.5,-1.538841769,zeta5^3,-0.8090169944,-0.5877852523
59,3A,2,4,-1,1,-zeta10^4,0.8090169944,-0.5877852523,zeta5^4,0.3090169944,-0.9510565163
61,5B/5A,4,0,1,1/phi,+zeta10^0*1/phi,0.6180339888,0,zeta5^0,1,0
67,3A,2,3,1,1,+zeta10^3,-0.3090169944,0.9510565163,zeta5^3,-0.8090169944,-0.5877852523
71,2A,1,2,0,0,0,0,0,zeta5^2,-0.8090169944,0.5877852523
73,2A,1,1,0,0,0,0,0,zeta5^1,0.3090169944,0.9510565163
79,5A/5B,3,1,-1,phi,-zeta10^1*phi,-1.309016994,-0.9510565163,zeta5^1,0.3090169944,0.9510565163
83,5A/5B,3,1,-1,phi,-zeta10^1*phi,-1.309016994,-0.9510565163,zeta5^1,0.3090169944,0.9510565163
89,3A,2,0,1,1,+zeta10^0,1,0,zeta5^0,1,0
97,5A/5B,3,4,-1,phi,-zeta10^4*phi,1.309016994,-0.9510565163,zeta5^4,0.3090169944,-0.9510565163
101,2A,1,3,0,0,0,0,0,zeta5^3,-0.8090169944,-0.5877852523
103,2A,1,3,0,0,0,0,0,zeta5^3,-0.8090169944,-0.5877852523
107,3A,2,1,1,1,+zeta10^1,0.8090169944,0.5877852523,zeta5^1,0.3090169944,0.9510565163
109,3A,2,2,1,1,+zeta10^2,0.3090169944,0.9510565163,zeta5^2,-0.8090169944,0.5877852523
113,3A,2,0,-1,1,-zeta10^0,-1,0,zeta5^0,1,0
127,5A/5B,3,3,-1,phi,-zeta10^3*phi,0.5,-1.538841769,zeta5^3,-0.8090169944,-0.5877852523
131,2A,1,4,0,0,0,0,0,zeta5^4,0.3090169944,-0.9510565163
137,3A,2,3,-1,1,-zeta10^3,0.3090169944,-0.9510565163,zeta5^3,-0.8090169944,-0.5877852523
139,5A/5B,3,0,1,phi,+zeta10^0*phi,1.618033989,0,zeta5^0,1,0
149,5B/5A,4,3,1,1/phi,+zeta10^3*1/phi,-0.1909830056,0.5877852523,zeta5^3,-0.8090169944,-0.5877852523
151,2A,1,1,0,0,0,0,0,zeta5^1,0.3090169944,0.9510565163
157,3A,2,4,-1,1,-zeta10^4,0.8090169944,-0.5877852523,zeta5^4,0.3090169944,-0.9510565163
163,5B/5A,4,2,-1,1/phi,-zeta10^2*1/phi,-0.1909830056,-0.5877852523,zeta5^2,-0.8090169944,0.5877852523
167,3A,2,4,1,1,+zeta10^4,-0.8090169944,0.5877852523,zeta5^4,0.3090169944,-0.9510565163
173,5A/5B,3,4,-1,phi,-zeta10^4*phi,1.309016994,-0.9510565163,zeta5^4,0.3090169944,-0.9510565163
179,3A,2,3,-1,1,-zeta10^3,0.3090169944,-0.9510565163,zeta5^3,-0.8090169944,-0.5877852523
181,3A,2,0,-1,1,-zeta10^0,-1,0,zeta5^0,1,0
191,2A,1,4,0,0,0,0,0,zeta5^4,0.3090169944,-0.9510565163
193,5B/5A,4,3,-1,1/phi,-zeta10^3*1/phi,0.1909830056,-0.5877852523,zeta5^3,-0.8090169944,-0.5877852523
197,2A,1,2,0,0,0,0,0,zeta5^2,-0.8090169944,0.5877852523
199,5A/5B,3,4,-1,phi,-zeta10^4*phi,1.309016994,-0.9510565163,zeta5^4,0.3090169944,-0.9510565163
211,5A/5B,3,4,-1,phi,-zeta10^4*phi,1.309016994,-0.9510565163,zeta5^4,0.3090169944,-0.9510565163
223,3A,2,2,-1,1,-zeta10^2,-0.3090169944,-0.9510565163,zeta5^2,-0.8090169944,0.5877852523
227,3A,2,2,1,1,+zeta10^2,0.3090169944,0.9510565163,zeta5^2,-0.8090169944,0.5877852523
229,5B/5A,4,1,-1,1/phi,-zeta10^1*1/phi,-0.5,-0.363271264,zeta5^1,0.3090169944,0.9510565163
233,2A,1,3,0,0,0,0,0,zeta5^3,-0.8090169944,-0.5877852523
239,2A,1,2,0,0,0,0,0,zeta5^2,-0.8090169944,0.5877852523
241,5B/5A,4,4,-1,1/phi,-zeta10^4*1/phi,0.5,-0.363271264,zeta5^4,0.3090169944,-0.9510565163
251,2A,1,1,0,0,0,0,0,zeta5^1,0.3090169944,0.9510565163
257,3A,2,2,-1,1,-zeta10^2,-0.3090169944,-0.9510565163,zeta5^2,-0.8090169944,0.5877852523
263,2A,1,1,0,0,0,0,0,zeta5^1,0.3090169944,0.9510565163
269,2A,1,2,0,0,0,0,0,zeta5^2,-0.8090169944,0.5877852523
271,5A/5B,3,0,1,phi,+zeta10^0*phi,1.618033989,0,zeta5^0,1,0
277,5A/5B,3,2,-1,phi,-zeta10^2*phi,-0.5,-1.538841769,zeta5^2,-0.8090169944,0.5877852523
281,5A/5B,3,4,1,phi,+zeta10^4*phi,-1.309016994,0.9510565163,zeta5^4,0.3090169944,-0.9510565163
283,2A,1,4,0,0,0,0,0,zeta5^4,0.3090169944,-0.9510565163
293,3A,2,3,-1,1,-zeta10^3,0.3090169944,-0.9510565163,zeta5^3,-0.8090169944,-0.5877852523
307,3A,2,2,-1,1,-zeta10^2,-0.3090169944,-0.9510565163,zeta5^2,-0.8090169944,0.5877852523
311,3A,2,2,-1,1,-zeta10^2,-0.3090169944,-0.9510565163,zeta5^2,-0.8090169944,0.5877852523
313,2A,1,1,0,0,0,0,0,zeta5^1,0.3090169944,0.9510565163
317,3A,2,4,1,1,+zeta10^4,-0.8090169944,0.5877852523,zeta5^4,0.3090169944,-0.9510565163
331,3A,2,3,1,1,+zeta10^3,-0.3090169944,0.9510565163,zeta5^3,-0.8090169944,-0.5877852523
337,2A,1,2,0,0,0,0,0,zeta5^2,-0.8090169944,0.5877852523
347,5A/5B,3,4,1,phi,+zeta10^4*phi,-1.309016994,0.9510565163,zeta5^4,0.3090169944,-0.9510565163
349,3A,2,1,1,1,+zeta10^1,0.8090169944,0.5877852523,zeta5^1,0.3090169944,0.9510565163
353,2A,1,4,0,0,0,0,0,zeta5^4,0.3090169944,-0.9510565163
359,3A,2,1,1,1,+zeta10^1,0.8090169944,0.5877852523,zeta5^1,0.3090169944,0.9510565163
367,5A/5B,3,1,-1,phi,-zeta10^1*phi,-1.309016994,-0.9510565163,zeta5^1,0.3090169944,0.9510565163
373,2A,1,1,0,0,0,0,0,zeta5^1,0.3090169944,0.9510565163
379,2A,1,3,0,0,0,0,0,zeta5^3,-0.8090169944,-0.5877852523
383,2A,1,4,0,0,0,0,0,zeta5^4,0.3090169944,-0.9510565163
389,3A,2,4,-1,1,-zeta10^4,0.8090169944,-0.5877852523,zeta5^4,0.3090169944,-0.9510565163
397,3A,2,4,1,1,+zeta10^4,-0.8090169944,0.5877852523,zeta5^4,0.3090169944,-0.9510565163
401,2A,1,1,0,0,0,0,0,zeta5^1,0.3090169944,0.9510565163
409,5B/5A,4,2,1,1/phi,+zeta10^2*1/phi,0.1909830056,0.5877852523,zeta5^2,-0.8090169944,0.5877852523
419,3A,2,2,-1,1,-zeta10^2,-0.3090169944,-0.9510565163,zeta5^2,-0.8090169944,0.5877852523
421,3A,2,3,1,1,+zeta10^3,-0.3090169944,0.9510565163,zeta5^3,-0.8090169944,-0.5877852523
431,5A/5B,3,4,-1,phi,-zeta10^4*phi,1.309016994,-0.9510565163,zeta5^4,0.3090169944,-0.9510565163
433,2A,1,4,0,0,0,0,0,zeta5^4,0.3090169944,-0.9510565163
439,2A,1,2,0,0,0,0,0,zeta5^2,-0.8090169944,0.5877852523
443,3A,2,0,-1,1,-zeta10^0,-1,0,zeta5^0,1,0
449,5B/5A,4,3,-1,1/phi,-zeta10^3*1/phi,0.1909830056,-0.5877852523,zeta5^3,-0.8090169944,-0.5877852523
457,2A,1,2,0,0,0,0,0,zeta5^2,-0.8090169944,0.5877852523
461,3A,2,3,1,1,+zeta10^3,-0.3090169944,0.9510565163,zeta5^3,-0.8090169944,-0.5877852523
463,2A,1,2,0,0,0,0,0,zeta5^2,-0.8090169944,0.5877852523
467,5B/5A,4,3,-1,1/phi,-zeta10^3*1/phi,0.1909830056,-0.5877852523,zeta5^3,-0.8090169944,-0.5877852523
479,3A,2,0,-1,1,-zeta10^0,-1,0,zeta5^0,1,0
487,5B/5A,4,3,1,1/phi,+zeta10^3*1/phi,-0.1909830056,0.5877852523,zeta5^3,-0.8090169944,-0.5877852523
491,5A/5B,3,0,1,phi,+zeta10^0*phi,1.618033989,0,zeta5^0,1,0
499,5A/5B,3,0,1,phi,+zeta10^0*phi,1.618033989,0,zeta5^0,1,0
503,3A,2,2,1,1,+zeta10^2,0.3090169944,0.9510565163,zeta5^2,-0.8090169944,0.5877852523
509,5B/5A,4,4,-1,1/phi,-zeta10^4*1/phi,0.5,-0.363271264,zeta5^4,0.3090169944,-0.9510565163